INSERT INTO label (label_name, label_street, label_city, label_state, label_postcode, label_nation) VALUES ('Atlantic', '75 Rockefeller Plaza', 'New York', 'NY','10019', 'USA');

INSERT INTO artist (artist_name) VALUES ('John Coltrane');
INSERT INTO artist (artist_name) VALUES ('The Manhattan Transfer');

INSERT INTO album (album_id, album_label_id, album_title, album_year, artist_name, label_name) VALUES (1, 'A2 1311', 'Giant Steps', 1960, 'John Coltrane', 'Atlantic');
INSERT INTO album (album_id, album_label_id, album_title, album_year, artist_name, label_name) VALUES (2, '83012-2', 'Swing', 1977, 'The Manhattan Transfer', 'Atlantic');

INSERT INTO person (person_id, person_first_name, person_last_name) VALUES (1, 'John', 'Coltrane');
INSERT INTO person (person_id, person_first_name, person_last_name) VALUES (2, 'Tommy', 'Flanagan');
INSERT INTO person (person_id, person_first_name, person_last_name) VALUES (3, 'Paul', 'Chambers');
INSERT INTO person (person_id, person_first_name, person_last_name) VALUES (4, 'Art', 'Taylor');
INSERT INTO person (person_id, person_first_name, person_last_name) VALUES (5, 'Cheryl', 'Bentyne');
INSERT INTO person (person_id, person_first_name, person_last_name) VALUES (6, 'Janis', 'Siegel');
INSERT INTO person (person_id, person_first_name, person_last_name) VALUES (7, 'Tim', 'Hauser');
INSERT INTO person (person_id, person_first_name, person_last_name) VALUES (8, 'Alan', 'Paul');
INSERT INTO person (person_id, person_first_name, person_last_name) VALUES (9, 'Joe', 'Taylor');

INSERT INTO composition (composition_id, composition_title, composition_year) VALUES (1, 'Giant Steps', NULL);
INSERT INTO composition (composition_id, composition_title, composition_year) VALUES (2, 'Cousin Mary', NULL);
INSERT INTO composition (composition_id, composition_title, composition_year) VALUES (3, 'Countdown', NULL);
INSERT INTO composition (composition_id, composition_title, composition_year) VALUES (4, 'Spiral', NULL);
INSERT INTO composition (composition_id, composition_title, composition_year) VALUES (5, 'Syeeda''s Song Flute', NULL);
INSERT INTO composition (composition_id, composition_title, composition_year) VALUES (6, 'Naima', NULL);
INSERT INTO composition (composition_id, composition_title, composition_year) VALUES (7, 'Mr. P.C.', NULL);
INSERT INTO composition (composition_id, composition_title, composition_year) VALUES (8, 'Stomp of King Porter', 1924);
INSERT INTO composition (composition_id, composition_title, composition_year) VALUES (9, 'Sing a Study in Brown', 1937);
INSERT INTO composition (composition_id, composition_title, composition_year) VALUES (10, 'Sing Moten''s Swing', 1997);
INSERT INTO composition (composition_id, composition_title, composition_year) VALUES (11, 'A-Tisket, A-Tasket', 1938);
INSERT INTO composition (composition_id, composition_title, composition_year) VALUES (12, 'I Know Why', 1941);
INSERT INTO composition (composition_id, composition_title, composition_year) VALUES (13, 'Sing You Sinners', 1930);
INSERT INTO composition (composition_id, composition_title, composition_year) VALUES (14, 'Java Jive', 1940);
INSERT INTO composition (composition_id, composition_title, composition_year) VALUES (15, 'Down South Camp Meetin''', 1997);
INSERT INTO composition (composition_id, composition_title, composition_year) VALUES (16, 'Topsy', 1936);
INSERT INTO composition (composition_id, composition_title, composition_year) VALUES (17, 'Clouds', NULL);
INSERT INTO composition (composition_id, composition_title, composition_year) VALUES (18, 'Skyliner', 1944);
INSERT INTO composition (composition_id, composition_title, composition_year) VALUES (19, 'It''s a Good Enough to Keep', NULL);
INSERT INTO composition (composition_id, composition_title, composition_year) VALUES (20, 'Choo Choo Ch'' Boogie', 1945);
	
INSERT INTO is_member_of (start_date, end_date, artist_name, person_id) VALUES ('1926-09-23', NULL, 'John Coltrane', 1);
INSERT INTO is_member_of (start_date, end_date, artist_name, person_id) VALUES ('1978-01-01', NULL, 'The Manhattan Transfer', 5);
INSERT INTO is_member_of (start_date, end_date, artist_name, person_id) VALUES ('1973-01-01', NULL, 'The Manhattan Transfer', 6);
INSERT INTO is_member_of (start_date, end_date, artist_name, person_id) VALUES ('1969-01-01', '2014-10-01', 'The Manhattan Transfer', 7);
INSERT INTO is_member_of (start_date, end_date, artist_name, person_id) VALUES ('1973-01-01', NULL, 'The Manhattan Transfer', 8);

INSERT INTO composes (composes_role, composes_order, composition_id, person_id) VALUES ('music', 1, 1, 1);
INSERT INTO composes (composes_role, composes_order, composition_id, person_id) VALUES ('music', 1, 2, 1);
INSERT INTO composes (composes_role, composes_order, composition_id, person_id) VALUES ('music', 1, 3, 1);
INSERT INTO composes (composes_role, composes_order, composition_id, person_id) VALUES ('music', 1, 4, 1);
INSERT INTO composes (composes_role, composes_order, composition_id, person_id) VALUES ('music', 1, 5, 1);
INSERT INTO composes (composes_role, composes_order, composition_id, person_id) VALUES ('music', 1, 6, 1);
INSERT INTO composes (composes_role, composes_order, composition_id, person_id) VALUES ('music', 1, 7, 1);

INSERT INTO recording (recording_id, recording_length, recording_date, composition_id) VALUES (1, 4.72, '1959-05-04', 1);
INSERT INTO recording (recording_id, recording_length, recording_date, composition_id) VALUES (2, 5.75, '1959-05-04', 2);
INSERT INTO recording (recording_id, recording_length, recording_date, composition_id) VALUES (3, 2.35, '1959-05-04', 3);
INSERT INTO recording (recording_id, recording_length, recording_date, composition_id) VALUES (4, 5.93, '1959-05-04', 4);
INSERT INTO recording (recording_id, recording_length, recording_date, composition_id) VALUES (5, 7, '1959-05-04', 5);
INSERT INTO recording (recording_id, recording_length, recording_date, composition_id) VALUES (6, 4.35, '1959-12-02', 6);
INSERT INTO recording (recording_id, recording_length, recording_date, composition_id) VALUES (7, 2.95, '1959-05-04', 7);
INSERT INTO recording (recording_id, recording_length, recording_date, composition_id) VALUES (8, 5.93, '1959-04-01', 1);
INSERT INTO recording (recording_id, recording_length, recording_date, composition_id) VALUES (9, 7, '1959-04-01', 6);
INSERT INTO recording (recording_id, recording_length, recording_date, composition_id) VALUES (10, 6.95, '1959-05-04', 2);
INSERT INTO recording (recording_id, recording_length, recording_date, composition_id) VALUES (11, 3.67, '1959-05-04', 3);
INSERT INTO recording (recording_id, recording_length, recording_date, composition_id) VALUES (12, 4.45, '1959-05-04', 2);
INSERT INTO recording (recording_id, recording_length, recording_date, composition_id) VALUES (13, 3.2, NULL, 8);
INSERT INTO recording (recording_id, recording_length, recording_date, composition_id) VALUES (14, 2.85, NULL, 9);
INSERT INTO recording (recording_id, recording_length, recording_date, composition_id) VALUES (15, 3.6, NULL, 10);
INSERT INTO recording (recording_id, recording_length, recording_date, composition_id) VALUES (16, 2.95, NULL, 11);
INSERT INTO recording (recording_id, recording_length, recording_date, composition_id) VALUES (17, 3.57, NULL, 12);
INSERT INTO recording (recording_id, recording_length, recording_date, composition_id) VALUES (18, 2.75, NULL, 13);
INSERT INTO recording (recording_id, recording_length, recording_date, composition_id) VALUES (19, 2.85, NULL, 14);
INSERT INTO recording (recording_id, recording_length, recording_date, composition_id) VALUES (20, 3.25, NULL, 15);
INSERT INTO recording (recording_id, recording_length, recording_date, composition_id) VALUES (21, 3.23, NULL, 16);
INSERT INTO recording (recording_id, recording_length, recording_date, composition_id) VALUES (22, 7.2, NULL, 17);
INSERT INTO recording (recording_id, recording_length, recording_date, composition_id) VALUES (23, 3.18, NULL, 18);
INSERT INTO recording (recording_id, recording_length, recording_date, composition_id) VALUES (24, 3.18, NULL, 19);
INSERT INTO recording (recording_id, recording_length, recording_date, composition_id) VALUES (25, 3, NULL, 20);
INSERT INTO recording (recording_id, recording_length, recording_date, composition_id) VALUES (26, 2.35, '1962-03-03', 3);

INSERT INTO track (track_num, album_id, composition_id, recording_id) VALUES (1, 1, 1, 1);
INSERT INTO track (track_num, album_id, composition_id, recording_id) VALUES (2, 1, 2, 2);
INSERT INTO track (track_num, album_id, composition_id, recording_id) VALUES (3, 1, 3, 3);
INSERT INTO track (track_num, album_id, composition_id, recording_id) VALUES (4, 1, 4, 4);
INSERT INTO track (track_num, album_id, composition_id, recording_id) VALUES (5, 1, 5, 5);
INSERT INTO track (track_num, album_id, composition_id, recording_id) VALUES (6, 1, 6, 6);
INSERT INTO track (track_num, album_id, composition_id, recording_id) VALUES (7, 1, 7, 7);
INSERT INTO track (track_num, album_id, composition_id, recording_id) VALUES (8, 1, 1, 1);
INSERT INTO track (track_num, album_id, composition_id, recording_id) VALUES (9, 1, 6, 6);
INSERT INTO track (track_num, album_id, composition_id, recording_id) VALUES (10, 1, 2, 2);
INSERT INTO track (track_num, album_id, composition_id, recording_id) VALUES (11, 1, 3, 26);
INSERT INTO track (track_num, album_id, composition_id, recording_id) VALUES (12, 1, 5, 5);
INSERT INTO track (track_num, album_id, composition_id, recording_id) VALUES (1, 2, 8, 13);
INSERT INTO track (track_num, album_id, composition_id, recording_id) VALUES (2, 2, 9, 14);
INSERT INTO track (track_num, album_id, composition_id, recording_id) VALUES (3, 2, 10, 15);
INSERT INTO track (track_num, album_id, composition_id, recording_id) VALUES (4, 2, 11, 16);
INSERT INTO track (track_num, album_id, composition_id, recording_id) VALUES (5, 2, 12, 17);
INSERT INTO track (track_num, album_id, composition_id, recording_id) VALUES (6, 2, 13, 18);
INSERT INTO track (track_num, album_id, composition_id, recording_id) VALUES (7, 2, 14, 19);
INSERT INTO track (track_num, album_id, composition_id, recording_id) VALUES (8, 2, 15, 20);
INSERT INTO track (track_num, album_id, composition_id, recording_id) VALUES (9, 2, 16, 21);
INSERT INTO track (track_num, album_id, composition_id, recording_id) VALUES (10, 2, 17, 22);
INSERT INTO track (track_num, album_id, composition_id, recording_id) VALUES (11, 2, 18, 23);
INSERT INTO track (track_num, album_id, composition_id, recording_id) VALUES (12, 2, 19, 24);
INSERT INTO track (track_num, album_id, composition_id, recording_id) VALUES (13, 2, 20, 25);
INSERT INTO track (track_num, album_id, composition_id, recording_id) VALUES (14, 2, 2, 2);

INSERT INTO performs (performs_role, composition_id, person_id, recording_id) VALUES ('tenor sax', 1, 1, 1);
INSERT INTO performs (performs_role, composition_id, person_id, recording_id) VALUES ('piano', 1, 2, 1);
INSERT INTO performs (performs_role, composition_id, person_id, recording_id) VALUES ('bass', 1, 3, 1);
INSERT INTO performs (performs_role, composition_id, person_id, recording_id) VALUES ('drums', 1, 4, 1);
INSERT INTO performs (performs_role, composition_id, person_id, recording_id) VALUES ('drums', 2, 2, 2);
INSERT INTO performs (performs_role, composition_id, person_id, recording_id) VALUES ('piano', 2, 9, 2);
